serial,marca,color,ubicacion,estado
123,Shimano,Amarilla,CyT,Disponible
125,Shimano,Roja,CyT,Disponible
128,Shimano,Azul,CyT,Disponible
132,Shimano,Verde,CyT,Disponible
135,Shimano,Negra,CyT,Disponible
140,Shimano,Negra,CyT,Disponible
148,Shimano,Verde,CyT,Disponible
150,Shimano,Blanca,CyT,Disponible
152,Shimano,Roja,CyT,Disponible
154,Shimano,Morada,CyT,Disponible
201,Bernalli,Azul,Estadio,Disponible
204,Bernalli,Azul,Estadio,Disponible
206,Bernalli,Azul,Estadio,Disponible
208,Bernalli,Azul,Estadio,Disponible
210,Bernalli,Negra,Estadio,Disponible
212,Bernalli,Negra,Estadio,Disponible
214,Bernalli,Negra,Estadio,Disponible
216,Bernalli,Negra,Estadio,Disponible
218,Bernalli,Negra,Estadio,Disponible
220,Bernalli,Negra,Estadio,Disponible
301,Trek,Roja,Capilla,Disponible
302,Trek,Roja,Capilla,Disponible
303,Trek,Roja,Capilla,Disponible
308,Trek,Roja,Capilla,Disponible
310,Trek,Roja,Capilla,Disponible
312,Trek,Roja,Capilla,Disponible
314,Trek,Roja,Capilla,Disponible
316,Trek,Roja,Capilla,Disponible
318,Trek,Roja,Capilla,Disponible
320,Trek,Roja,Capilla,Disponible
322,Trek,Roja,Capilla,Disponible
401,GW,Negra,Humanas,Disponible
402,GW,Negra,Humanas,Disponible
404,GW,Negra,Humanas,Disponible
406,GW,Negra,Humanas,Disponible
410,GW,Negra,Humanas,Disponible
414,GW,Negra,Humanas,Disponible
418,GW,Negra,Humanas,Disponible
420,GW,Negra,Humanas,Disponible
424,GW,Negra,Humanas,Disponible
426,GW,Negra,Humanas,Disponible
430,GW,Negra,Humanas,Disponible
432,GW,Negra,Humanas,Disponible
433,GW,Negra,Humanas,Disponible
434,GW,Negra,Humanas,Disponible
436,GW,Negra,Humanas,Disponible
438,GW,Negra,Humanas,Disponible
440,GW,Negra,Humanas,Disponible
445,GW,Negra,Humanas,Disponible
446,GW,Negra,Humanas,Disponible
447,GW,Negra,Humanas,Disponible
448,GW,Negra,Humanas,Disponible
